,x,y,Width,Label
0,1005.5934651692708,445.0190226236978,576.6666666666666,browndie
1,538.9267985026041,1178.352355957031,159.99999999999986,cactuspaper
2,325.59346516927087,588.3523559570311,313.33333333333326,canadapencil
