,x,y,Width,Label
0,1773.0079430474175,398.5639673868815,1267.4166666666663,bluesunglasses
