,x,y,Width,Label
0,1311.4523874918618,628.4956461588541,1328.833333333333,bluesunglasses
1,60.7857208251953,924.4123128255208,658.8333333333333,browndie
