x,y,Width,Height,Score,Label
0,0,2264,1671,0.33267,birdCall
0,0,415,1141,0.26439,pinkCandle
0,0,2333,1901,0.51708,pumpkinNotes
0,0,2437,1982,0.40847,trophy
0,0,1279,1544,0.25902,hairClip
